PRAGMA foreign_keys = ON;

INSERT INTO Category (id_category, category_name) VALUES 
(1, 'Напої'),
(2, 'Молочні продукти'),
(3, 'М’ясо'),
(4, 'Хлібобулочні'),
(5, 'Снеки');

INSERT INTO Role (id_role, role_name) VALUES
(1, 'Касир'),
(2, 'Менеджер');

INSERT INTO Customer_Card (
    id_card, cust_surname, cust_name, cust_patronymic,
    phone_number, city, street, zip_code, discount_percent
)VALUES
('1456789902981', 'Іваненко', 'Іван', 'Іванович', '+380971111111', 'Київ', 'Хрещатик', '01001', 5),
('1003426889002', 'Петренко', 'Олена', 'Петрівна', '+380972222222', 'Львів', 'Шевченка', '79000', 10),
('1000000000003', 'Сидоренко', 'Павло', NULL, '+380973333333', 'Одеса', 'Дерибасівська', '65000', 15),
('1000000000004', 'Коваленко', 'Марія', 'Ігорівна', '+380974444444', 'Харків', 'Сумська', '61000', 5),
('1000000000005', 'Бондар', 'Андрій', 'Сергійович', '+380975555555', 'Дніпро', 'Центральна', '49000', 10);

INSERT INTO Employee (
    id_employee, empl_surname, empl_name, empl_patronymic,
    id_role, salary, date_of_birth, date_of_start,
    phone_number, city, street, zip_code
)VALUES
('E001', 'Коваль', 'Олег', 'Петрович', 1, 15000, '1990-05-10', '2020-01-15', '380671111111', 'Київ', 'Лесі Українки', '01100'),
('E002', 'Мельник', 'Анна', 'Ігорівна', 1, 15500, '1992-07-12', '2021-03-10', '380672222222', 'Київ', 'Саксаганського', '01032'),
('E003', 'Шевченко', 'Ігор', 'Васильович', 2, 22000, '1985-02-20', '2018-06-01', '380673333333', 'Львів', 'Франка', '79000'),
('E004', 'Ткаченко', 'Світлана', 'Олександрівна', 1, 14800, '1995-11-30', '2022-09-01', '380674444444', 'Одеса', 'Приморська', '65000');

INSERT INTO Product (id_product, product_name, characteristics, id_category)
VALUES
(1, 'Кока-Кола', 'Виробник: Coca-Cola, склад: вода, цукор, кофеїн', 1),
(2, 'Пепсі', 'Виробник: PepsiCo, склад: вода, цукор, ароматизатори', 1),
(3, 'Молоко', 'Жирність: 2.5%, виробник: Яготинське, склад: пастеризоване молоко', 2),
(4, 'Сир', 'Виробник: Комо, склад: молоко, сіль, закваска', 2),
(5, 'Курка', 'Виробник: Наша Ряба, охолоджена, без добавок', 3),
(6, 'Свинина', 'виробник: М’ясна ферма, свіжа, охолоджена', 3),
(7, 'Хліб', 'Виробник: Київхліб, склад: борошно, вода, дріжджі', 4),
(8, 'Батон', 'Виробник: Київхліб, склад: борошно, дріжджі', 4),
(9, 'Чіпси', 'Виробник: Lays, склад: картопля, олія, ароматизатор', 5),
(10, 'Сухарики', 'Виробник: Flint, склад: хліб, спеції', 5);

INSERT INTO Store_Product (
    UPC, selling_price, products_number, promotional_product, id_product
)VALUES
('000000000001', 35.50, 100, 0, 1),
('000000000002', 28.80, 80, 1, 2),
('000000000003', 42.00, 60, 0, 3),
('000000000004', 75.00, 40, 0, 4),
('000000000005', 120.00, 30, 0, 5),
('000000000006', 104.00, 25, 1, 6),
('000000000007', 20.00, 100, 0, 7),
('000000000008', 22.00, 90, 0, 8),
('000000000009', 40.00, 70, 1, 9),
('000000000010', 45.00, 60, 0, 10),
('000000000011', 37.00, 50, 0, 1),
('000000000012', 43.00, 40, 0, 3),
('000000000013', 62.40, 7, 1, 4),
('000000000014', 125.00, 20, 0, 5),
('000000000015', 21.00, 80, 0, 7);

INSERT INTO Receipt (
    id_check, print_date, sum_total, vat, id_employee, id_card
)VALUES
('CHK001', '2026-04-10 10:00:00', 216.60, 43.32, 'E001', '1456789902981'),
('CHK002', '2026-04-10 11:00:00', 140.22, 28.04, 'E002', '1003426889002'),
('CHK003', '2026-04-10 12:00:00', 316.40, 63.28, 'E003', NULL),
('CHK004', '2026-04-10 13:00:00', 191.25, 38.25, 'E004', '1000000000003'),
('CHK005', '2026-04-10 14:00:00', 177.30, 35.46, 'E001', '1000000000005');

INSERT INTO Sale (
    UPC, id_check, product_number, selling_price
)VALUES
('000000000001', 'CHK001', 2, 35.50),
('000000000005', 'CHK001', 1, 120.00),
('000000000011', 'CHK001', 1, 37.00),
('000000000003', 'CHK002', 2, 42.00),
('000000000002', 'CHK002', 1, 28.80),
('000000000012', 'CHK002', 1, 43.00),
('000000000004', 'CHK003', 2, 75.00),
('000000000006', 'CHK003', 1, 104.00),
('000000000013', 'CHK003', 1, 62.40),
('000000000007', 'CHK004', 3, 20.00),
('000000000009', 'CHK004', 1, 40.00),
('000000000014', 'CHK004', 1, 125.00),
('000000000010', 'CHK005', 2, 45.00),
('000000000008', 'CHK005', 2, 22.00),
('000000000015', 'CHK005', 3, 21.00);