PRAGMA foreign_keys = ON;

INSERT INTO Category (id_category, category_name) VALUES 
(1, 'Напої'),
(2, 'Молочні продукти'),
(3, 'М’ясо'),
(4, 'Хлібобулочні'),
(5, 'Снеки'),
(6, 'Овочі'),
(7, 'Фрукти'),
(8, 'Побутова хімія');

INSERT INTO Customer_Card (
    id_card, cust_surname, cust_name, cust_patronymic,
    phone_number, city, street, zip_code, discount_percent
)VALUES
('1456789902981', 'Іваненко', 'Іван', 'Іванович', '+380971111111', 'Київ', 'Хрещатик', '01001', 5),
('1003426889002', 'Петренко', 'Олена', 'Петрівна', '+380972222222', 'Львів', 'Шевченка', '79000', 10),
('1000000000003', 'Сидоренко', 'Павло', NULL, '+380973333333', 'Одеса', 'Дерибасівська', '65000', 15),
('1000000000004', 'Коваленко', 'Марія', 'Ігорівна', '+380974444444', 'Харків', 'Сумська', '61000', 5),
('1000000000005', 'Бондар', 'Андрій', 'Сергійович', '+380975555555', 'Дніпро', 'Центральна', '49000', 10),
('1000000000006', 'Гриценко', 'Оксана', 'Вікторівна', '+380976666666', 'Київ', 'Подільська', '04071', 3),
('1000000000007', 'Лисенко', 'Микола', 'Борисович', '+380977777777', 'Полтава', 'Гоголя', '36000', 3),
('1000000000008', 'Марченко', 'Юлія', 'Володимирівна', '+380978888888', 'Вінниця', 'Соборна', '21050', 7);

INSERT INTO Employee (
    id_employee, empl_surname, empl_name, empl_patronymic,
    empl_role, salary, date_of_birth, date_of_start,
    phone_number, city, street, zip_code
)VALUES
('E001', 'Коваль', 'Олег', 'Петрович', 'Касир', 15000, '1990-05-10', '2020-01-15', '380671111111', 'Київ', 'Лесі Українки', '01100'),
('E002', 'Мельник', 'Анна', 'Ігорівна', 'Касир', 15500, '1992-07-12', '2021-03-10', '380672222222', 'Київ', 'Саксаганського', '01032'),
('E003', 'Шевченко', 'Ігор', 'Васильович', 'Менеджер', 22000, '1985-02-20', '2018-06-01', '380673333333', 'Львів', 'Франка', '79000'),
('E004', 'Ткаченко', 'Світлана', 'Олександрівна', 'Касир', 14800, '1995-11-30', '2022-09-01', '380674444444', 'Одеса', 'Приморська', '65000');

INSERT INTO Product (id_product, product_name, characteristics, id_category)
VALUES
(1, 'Кока-Кола', 'Виробник: Coca-Cola, склад: вода, цукор, кофеїн', 1),
(2, 'Пепсі', 'Виробник: PepsiCo, склад: вода, цукор, ароматизатори', 1),
(3, 'Молоко', 'Жирність: 2.5%, виробник: Яготинське, склад: пастеризоване молоко', 2),
(4, 'Сир', 'Виробник: Комо, склад: молоко, сіль, закваска', 2),
(5, 'Курка', 'Виробник: Наша Ряба, охолоджена, без добавок', 3),
(6, 'Свинина', 'виробник: М’ясна ферма, свіжа, охолоджена', 3),
(7, 'Хліб', 'Виробник: Київхліб, склад: борошно, вода, дріжджі', 4),
(8, 'Батон', 'Виробник: Київхліб, склад: борошно, дріжджі', 4),
(9, 'Чіпси', 'Виробник: Lays, склад: картопля, олія, ароматизатор', 5),
(10, 'Сухарики', 'Виробник: Flint, склад: хліб, спеції', 5),
(11, 'Огірки', 'Свіжі, тепличні, 1 кг', 6),
(12, 'Помідори', 'Чері, на гілці, 1 кг', 6),
(13, 'Яблука', 'Сорт Голден, Україна, 1 кг', 7),
(14, 'Банани', 'Еквадор, 1 кг', 7),
(15, 'Мило', 'Рідке мило Dove, 250 мл', 8),
(16, 'Шампунь', 'Head & Shoulders, 400 мл', 8);

INSERT INTO Store_Product (
    UPC, selling_price, products_number, promotional_product, id_product
) VALUES
('0001', 35.50, 100, 0, 1),
('0002', 28.40, 50, 1, 1),
('0003', 28.80, 80, 0, 2),
('0004', 23.04, 40, 1, 2),
('0005', 42.00, 60, 0, 3),
('0006', 33.60, 30, 1, 3),
('0007', 75.00, 40, 0, 4),
('0008', 60.00, 20, 1, 4),
('0009', 120.00, 30, 0, 5),
('0010', 96.00, 15, 1, 5),
('0011', 104.00, 25, 0, 6),
('0012', 20.00, 100, 0, 7),
('0013', 16.00, 50, 1, 7),
('0014', 22.00, 90, 0, 8),
('0015', 40.00, 70, 0, 9),
('0016', 45.00, 60, 0, 10),
('0017', 50.00, 40, 0, 11),
('0018', 40.00, 25, 1, 11),
('0019', 80.00, 50, 0, 12),
('0020', 64.00, 30, 1, 12),
('0021', 30.00, 100, 0, 13),
('0022', 24.00, 80, 1, 13),
('0023', 60.00, 60, 0, 14),
('0024', 48.00, 45, 1, 14),
('0025', 25.00, 80, 0, 15),
('0026', 20.00, 35, 1, 15),
('0027', 150.00, 40, 0, 16),
('0028', 120.00, 20, 1, 16);

INSERT INTO Receipt ( id_check, print_date, sum_total, vat, id_employee, id_card 
) VALUES 
('CHK001', '2026-04-10 10:00:00', 134.33, 26.87, 'E001', '1456789902981'), 
('CHK002', '2026-04-10 11:00:00', 108.58, 21.72, 'E002', '1003426889002'), 
('CHK003', '2026-04-10 12:00:00', 239.00, 47.80, 'E002', NULL), 
('CHK004', '2026-04-10 13:00:00', 210.80, 42.16, 'E004', '1000000000003'), 
('CHK005', '2026-04-10 14:00:00', 156.60, 31.32, 'E001', '1000000000005'),
('CHK006', '2026-04-11 09:15:00', 159.08, 31.82, 'E001', '1000000000006'),
('CHK007', '2026-04-11 10:30:00', 271.60, 54.32, 'E002', '1000000000007'),
('CHK008', '2026-04-11 11:45:00', 108.00, 21.60, 'E004', NULL),
('CHK009', '2026-04-11 13:20:00', 417.60, 83.52, 'E001', '1003426889002'),
('CHK010', '2026-04-11 15:10:00', 135.78, 27.16, 'E002', '1000000000008'),
('CHK011', '2026-04-12 08:50:00', 299.25, 59.85, 'E004', '1456789902981'),
('CHK012', '2026-04-12 11:15:00', 220.40, 44.08, 'E001', '1000000000004'),
('CHK013', '2026-04-12 14:40:00', 417.50, 83.50, 'E002', NULL),
('CHK014', '2026-04-12 16:30:00', 371.70, 74.34, 'E004', '1000000000005'),
('CHK015', '2026-04-12 19:00:00', 672.52, 134.50, 'E001', '1000000000003'); 

INSERT INTO Sale ( UPC, id_check, product_number, selling_price 
) VALUES 
('0001', 'CHK001', 2, 35.50), 
('0005', 'CHK001', 1, 42.00), 
('0002', 'CHK001', 1, 28.40), 
('0003', 'CHK002', 2, 28.80), 
('0004', 'CHK002', 1, 23.04), 
('0012', 'CHK002', 2, 20.00), 
('0007', 'CHK003', 1, 75.00), 
('0008', 'CHK003', 1, 60.00), 
('0011', 'CHK003', 1, 104.00), 
('0009', 'CHK004', 1, 120.00), 
('0010', 'CHK004', 1, 96.00), 
('0013', 'CHK004', 2, 16.00), 
('0014', 'CHK005', 2, 22.00), 
('0015', 'CHK005', 1, 40.00), 
('0016', 'CHK005', 2, 45.00),
('0017', 'CHK006', 2, 50.00),
('0020', 'CHK006', 1, 64.00),
('0021', 'CHK007', 3, 30.00),
('0026', 'CHK007', 2, 20.00),
('0027', 'CHK007', 1, 150.00),
('0023', 'CHK008', 1, 60.00),
('0024', 'CHK008', 1, 48.00),
('0019', 'CHK009', 2, 80.00),
('0022', 'CHK009', 5, 24.00),
('0011', 'CHK009', 1, 104.00),
('0015', 'CHK009', 2, 40.00),
('0005', 'CHK010', 1, 42.00),
('0008', 'CHK010', 1, 60.00),
('0014', 'CHK010', 2, 22.00),
('0028', 'CHK011', 2, 120.00),
('0025', 'CHK011', 3, 25.00),
('0018', 'CHK012', 3, 40.00),
('0019', 'CHK012', 1, 80.00),
('0013', 'CHK012', 2, 16.00),
('0001', 'CHK013', 5, 35.50),
('0009', 'CHK013', 2, 120.00),
('0027', 'CHK014', 1, 150.00),
('0020', 'CHK014', 2, 64.00),
('0016', 'CHK014', 3, 45.00),
('0022', 'CHK015', 10, 24.00),
('0012', 'CHK015', 5, 20.00),
('0006', 'CHK015', 2, 33.60),
('0010', 'CHK015', 4, 96.00);

INSERT INTO Account ( id_employee, password_hash) VALUES 
("E001", "$2b$10$NkdHIZHw0DskfSDwXd4xKue7sJhSoKfL1QQ5MtmDNrGYP/wM.0IA2"),
("E002", "$2b$10$NkdHIZHw0DskfSDwXd4xKue7sJhSoKfL1QQ5MtmDNrGYP/wM.0IA2"),
("E003", "$2b$10$NkdHIZHw0DskfSDwXd4xKue7sJhSoKfL1QQ5MtmDNrGYP/wM.0IA2"),
("E004", "$2b$10$NkdHIZHw0DskfSDwXd4xKue7sJhSoKfL1QQ5MtmDNrGYP/wM.0IA2");